entry	Gene Ontology (cellular component)	Gene Ontology (biological process)	Gene Ontology (molecular function)
sce:YPL111W	5	3	4
sce:YIL145C	2	1	2
sce:YDR058C	2	1	1
sce:YNR043W	3	3	2
sce:YLR308W	1	3	3
sce:YLR268W	9	6	1
sce:YNR007C	5	9	1
sce:YOL133W	7	20	4
sce:YLR025W	6	9	1
sce:YDR298C	5	2	1
sce:YGR292W	1	3	4
sce:YOR196C	1	2	3
sce:YHR094C	2	3	6
sce:YHR077C	3	4	1
sce:YLR459W	2	4	0
sce:YDL101C	1	3	4
sce:YKL216W	1	2	2
sce:YPL053C	3	5	2
sce:YLR158C	5	2	1
sce:YPL281C	1	1	2
sce:YLR157C	5	2	1
sce:YJL221C	1	3	3
sce:YCR039C	1	2	4
sce:YNR073C	0	1	2
sce:YLR160C	5	2	1
sce:YFL061W	0	1	2
sce:YJR105W	3	4	2
sce:YIL172C	1	3	3
sce:YIL172C	0	3	2
sce:YDL205C	2	3	1
sce:YFL045C	2	3	2
sce:YMR197C	8	13	2
sce:YIL008W	3	7	3
sce:YGR244C	3	3	3
sce:YBR145W	2	3	2
sce:YBL011W	2	2	3
sce:YOR241W	6	2	3
sce:YLR307W	1	3	3
sce:YAL061W	2	1	4
sce:YPL271W	5	2	1
sce:YDR499W	4	7	1
sce:YNL335W	0	1	2
sce:YNL335W	0	1	1
sce:YOR101W	4	3	4
sce:YBR004C	5	3	3
sce:YJL106W	2	6	4
sce:YLR332W	3	5	1
sce:YJL178C	10	6	1
sce:YDR305C	3	1	4
sce:YCL032W	1	6	2
sce:YJL167W	3	4	4
sce:YBR196C	3	3	3
sce:YPR019W	10	8	6
sce:YMR118C	2	2	4
sce:YJR009C	7	4	5
sce:YMR323W	2	1	2
sce:YGR287C	1	3	3
sce:YOR278W	1	3	1
sce:YDR110W	2	11	2
sce:YGL101W	2	1	3
sce:YDR310C	2	9	4
sce:YCL043C	4	6	3
sce:YDR466W	0	4	4
sce:YNL334C	2	3	2
sce:YDL179W	4	4	2
sce:YMR318C	0	3	4
sce:YDR158W	3	5	4
sce:YBR112C	2	7	5
sce:YPL166W	6	10	1
sce:YAR019C	4	6	4
sce:YML075C	5	4	1
sce:YKL055C	1	3	2
sce:YGR264C	4	2	2
sce:YGL219C	5	5	1
sce:YPL061W	2	4	3
sce:YKL018W	4	8	1
sce:Q0080	4	1	1
sce:YNL325C	4	3	1
sce:YNL053W	2	6	3
sce:YBR202W	11	9	6
sce:YIL099W	2	2	2
sce:YFL030W	3	1	2
sce:YPL194W	4	11	2
sce:YEL058W	2	4	2
sce:YIL062C	4	5	3
sce:YNL332W	0	2	2
sce:YCR034W	2	8	4
sce:YER069W	3	4	6
sce:YER026C	3	2	1
sce:YPR069C	3	2	1
sce:YLR345W	2	3	3
sce:YNL141W	2	5	2
sce:YGL240W	2	9	1
sce:YIR025W	2	12	1
sce:YHR144C	1	2	2
sce:YML022W	2	3	4
sce:YNR035C	4	8	4
sce:YOR393W	1	1	2
sce:YOR393W	1	1	2
sce:YHR188C	3	2	0
sce:YPR107C	3	3	2
sce:YAL039C	3	1	2
sce:YLR017W	3	3	2
sce:YBR182C	2	1	5
sce:YLR120C	3	4	1
sce:YJL071W	2	2	2
sce:YBR023C	11	4	1
sce:YGL067W	3	3	4
sce:YDL235C	2	3	3
sce:YDL006W	3	5	4
sce:YDR234W	1	1	3
sce:YMR120C	2	2	2
sce:YNL229C	1	4	3
sce:YER073W	2	2	2
sce:YER052C	1	5	2
sce:YMR006C	6	2	3
sce:YPL214C	2	3	4
sce:YDR353W	3	3	2
sce:YDL045C	1	1	2
sce:YOL140W	2	2	3
sce:YBR159W	2	3	5
sce:YEL070W	0	1	2
sce:YEL070W	0	1	2
sce:YJL130C	4	6	6
sce:YJR007W	8	2	3
sce:YMR043W	5	6	10
sce:YCL018W	1	2	3
sce:YDL185W	5	7	6
sce:YOR061W	8	12	3
sce:YPR165W	17	18	3
sce:YKL211C	2	2	2
sce:YHR007C	2	1	4
sce:YCR053W	2	1	2
sce:YMR095C	3	7	2
sce:YER086W	1	3	3
sce:YNR072W	3	4	4
sce:YNL222W	2	11	5
sce:YPL076W	3	2	1
sce:YDL138W	3	2	1
sce:YMR015C	2	2	5
sce:YPL268W	2	6	2
sce:YOR176W	2	1	1
sce:YML035C	2	5	2
sce:YAL060W	1	2	2
sce:YPR120C	4	11	1
sce:YLR208W	9	14	1
sce:YGR061C	1	3	3
sce:YLL004W	5	3	2
sce:YOL055C	1	4	4
sce:YOR351C	1	3	4
sce:YBR003W	3	2	3
sce:YMR274C	2	3	1
sce:YJL045W	2	3	4
sce:YPL117C	4	4	2
sce:YBR160W	6	49	8
sce:YLR127C	2	9	1
sce:YDR007W	1	1	1
sce:YDR118W	4	8	0
sce:YFL009W	6	10	3
sce:YOL018C	5	12	2
sce:YJR049C	2	4	3
sce:YJR093C	2	3	1
sce:YDR408C	2	3	1
sce:YCL017C	5	6	4
sce:YDR400W	3	7	5
sce:YPR026W	6	2	2
sce:YNL106C	4	3	4
sce:YGR216C	3	2	1
sce:YJL216C	0	3	2
sce:YHR123W	3	2	2
sce:YDL238C	2	2	2
sce:YCR096C	1	1	2
sce:YGR048W	7	12	2
sce:YIL109C	6	5	3
sce:YHL007C	5	18	6
sce:YEL027W	4	9	2
sce:YMR037C	3	4	3
sce:YML126C	2	3	1
sce:YFR015C	2	1	1
sce:YDR001C	1	2	3
sce:YGR109C	4	8	1
sce:YFL058W	0	2	2
sce:YDL004W	5	1	1
sce:YPL179W	2	2	4
sce:YER177W	4	13	4
sce:YJR057W	2	4	4
sce:YOR391C	2	3	2
sce:YIR029W	0	2	1
sce:YBR092C	3	2	1
sce:YLR210W	3	6	1
sce:YHR171W	6	9	3
sce:YKL059C	3	6	3
sce:YBR263W	2	6	4
sce:YDR297W	1	2	3
sce:YPL115C	5	6	2
sce:YPR007C	4	8	1
sce:YGR205W	2	1	2
sce:YML106W	2	4	1
sce:YOR008C	5	9	1
sce:YPL091W	4	4	3
sce:YNL261W	6	4	2
sce:YGR240C	4	6	7
sce:YGL125W	2	2	3
sce:YMR220W	4	4	2
sce:YGR060W	2	1	2
sce:YCL064C	2	3	3
sce:YCL030C	1	1	6
sce:YBL098W	2	6	4
sce:YMR303C	1	3	2
sce:YFR053C	3	10	6
sce:YIL020C	2	2	1
sce:YMR293C	2	3	2
sce:YMR013C	2	3	1
sce:YKR054C	6	7	4
sce:YMR169C	1	3	3
sce:YBR149W	1	1	4
sce:YDR487C	3	2	2
sce:YNR026C	3	3	2
sce:YHR118C	5	3	1
sce:YMR105C	2	10	2
sce:YBR015C	2	3	1
sce:YOR171C	11	4	4
sce:YMR322C	2	2	1
sce:YFR025C	1	1	1
sce:YMR020W	1	4	9
sce:YDL022W	5	6	3
sce:YJL200C	2	2	3
sce:YGL226C-A	2	1	0
sce:YOR040W	2	1	2
sce:YJL026W	3	2	5
sce:YBR117C	3	1	2
sce:Q0130	6	1	3
sce:YIR031C	4	4	1
sce:YJR137C	5	3	7
sce:YGR059W	8	2	4
sce:YLR147C	17	6	2
sce:YMR199W	4	5	1
sce:YOR103C	2	1	0
sce:YER015W	5	5	5
sce:YBL039C	3	5	3
sce:YDR050C	4	4	1
sce:YLR372W	2	9	4
sce:YLR258W	2	1	3
sce:YNR030W	2	3	2
sce:YGR007W	2	1	1
sce:YMR149W	1	1	0
sce:YOR250C	2	4	2
sce:YPL227C	1	1	1
sce:YMR055C	5	6	0
sce:YCL067C	1	2	4
sce:YCL067C	2	2	5
sce:YLR231C	2	5	3
sce:YGR014W	4	7	1
sce:YMR246W	5	4	2
sce:YHR215W	2	0	1
sce:YLR081W	2	3	3
sce:YLR006C	1	2	3
sce:YIL026C	7	6	1
sce:YOR332W	4	4	1
sce:YOL066C	1	3	6
sce:YKL132C	3	2	5
sce:YJL100W	5	3	3
sce:YBR019C	1	1	3
sce:YER014W	2	2	1
sce:YHR067W	1	2	2
sce:YJR025C	2	5	2
sce:YDR503C	2	1	2
sce:YLR056W	4	1	3
sce:YAL062W	3	1	1
sce:YJL068C	1	1	3
sce:YDR044W	3	2	2
sce:YBR002C	4	3	3
sce:YDL015C	3	2	2
sce:YPL078C	5	2	1
sce:YOR360C	2	1	2
sce:YOR067C	2	2	1
sce:YDR302W	2	1	1
sce:YKR080W	2	4	2
sce:YDL024C	2	2	1
sce:YIL053W	2	2	3
sce:YNL241C	2	4	2
sce:YHL012W	1	2	1
sce:YDR287W	0	5	4
sce:YER075C	2	3	1
sce:YML027W	3	3	4
sce:YDR343C	4	3	4
sce:YJL219W	3	2	5
sce:YOL058W	2	3	2
sce:YGR102C	3	2	2
sce:YGL094C	3	3	3
sce:YGR171C	2	1	2
sce:YHR119W	3	21	3
sce:YJR130C	2	3	3
sce:YHR033W	2	2	3
sce:YER170W	4	7	4
sce:YCR024C	2	2	3
sce:YJR075W	1	3	1
sce:YLR240W	13	11	3
sce:YDL131W	2	1	2
sce:YGL044C	2	3	2
sce:YNL006W	8	9	0
sce:YOL011W	5	3	3
sce:YJR131W	3	5	2
sce:YNL130C	4	1	2
sce:YPL273W	2	4	3
sce:YPL096C-A	3	3	1
sce:YGL201C	10	7	5
sce:YLR191W	2	1	2
sce:YIL094C	1	4	4
sce:YFL029C	2	5	4
sce:YPL015C	2	2	5
sce:YDR439W	3	7	0
sce:YDR178W	3	4	3
sce:YIL155C	5	4	2
sce:YDR099W	3	12	2
sce:YBL023C	9	8	6
sce:YLR102C	2	7	0
sce:YIL106W	9	8	3
sce:YPL232W	6	11	6
sce:YNL283C	6	3	1
sce:YCR073C	1	2	4
sce:YLL062C	1	3	3
sce:YGL142C	2	1	1
sce:YMR016C	2	2	2
sce:YEL051W	4	4	1
sce:YER043C	2	5	1
sce:YJL088W	3	3	2
sce:YMR061W	4	4	1
sce:YPL031C	5	26	4
sce:YML008C	4	2	2
sce:YGR208W	2	2	2
sce:YGR255C	3	1	7
sce:YKL166C	6	6	5
sce:YER020W	4	9	5
sce:YDL188C	4	7	3
sce:YHR174W	6	2	3
sce:YKL029C	2	3	5
sce:YER005W	3	3	5
sce:YFL026W	2	3	3
sce:YML082W	2	3	4
sce:YOR081C	1	3	2
sce:YGL253W	4	13	6
sce:YHR166C	2	7	1
sce:YGR218W	5	6	8
sce:YOL113W	3	7	4
sce:YDR538W	1	3	3
sce:YPL153C	3	10	7
sce:YGR180C	3	2	3
sce:YGR225W	1	14	2
sce:YLR146C	2	3	2
sce:YBR170C	11	16	2
sce:YJL074C	2	8	6
sce:YOL126C	3	4	1
sce:YHR190W	5	3	2
sce:YBR110W	2	3	3
sce:YJL132W	4	1	1
sce:YPR073C	2	1	2
sce:YNR058W	2	1	3
sce:YPR162C	5	3	1
sce:YEL046C	1	2	2
sce:YHR063C	2	1	2
sce:YOR327C	9	12	3
sce:YML064C	1	8	3
sce:YHR025W	0	3	2
sce:YNL129W	2	4	3
sce:YLR295C	4	4	0
sce:YOL100W	2	8	4
sce:YPR145W	2	3	2
sce:YMR172W	1	3	3
sce:YIL005W	2	3	3
sce:YOR175C	3	2	5
sce:YJL049W	3	2	0
sce:YHR205W	3	12	3
sce:YPR173C	9	21	4
sce:YNL192W	4	3	1
sce:YDR172W	4	3	5
sce:YMR226C	2	0	3
sce:YGR124W	2	3	2
sce:YIL066C	3	2	2
sce:YLR026C	5	7	2
sce:YDL042C	6	14	7
sce:YLL031C	2	2	2
sce:YDR272W	1	1	2
sce:YLL042C	1	6	1
sce:YAL010C	4	8	0
sce:YLR103C	5	4	3
sce:YBR011C	2	1	2
sce:YLR432W	2	2	5
sce:YER081W	1	2	3
sce:YGR019W	2	1	3
sce:YOL151W	2	3	6
sce:YPL231W	3	1	5
sce:YLL058W	0	2	3
sce:YDR127W	1	4	7
sce:YLR028C	1	2	2
sce:YFR047C	2	3	1
sce:YLR153C	3	3	4
sce:YMR296C	3	3	2
sce:YNR001C	4	4	2
sce:YIL049W	2	5	2
sce:YIR027C	1	2	3
sce:YGR087C	3	5	6
sce:YCR068W	4	9	2
sce:YDR477W	8	17	8
sce:YIL072W	4	5	2
sce:YLL026W	5	9	6
sce:YHR100C	3	1	1
sce:YGR267C	2	5	3
sce:YIL002C	3	3	2
sce:YDL178W	2	1	4
sce:YGL256W	1	2	2
sce:YHR183W	3	3	2
sce:YMR096W	1	5	2
sce:YDL078C	4	5	2
sce:YNL333W	0	5	3
sce:YKL087C	3	1	2
sce:YLR263W	3	7	3
sce:YER125W	10	36	4
sce:YKL212W	9	2	3
sce:YDR245W	4	4	1
sce:YER001W	2	2	1
sce:YKL165C	6	3	2
sce:YMR207C	2	3	4
sce:YLR155C	5	2	1
sce:YLR155C	3	2	1
sce:YLR155C	3	2	1
sce:YLR155C	4	2	1
sce:YHL002W	5	9	4
sce:YBL013W	2	1	1
sce:YBR097W	10	11	4
sce:YNL220W	1	3	4
sce:YDR498C	5	3	1
sce:YHL031C	4	5	1
sce:YCR097W	2	1	3
sce:YML001W	9	10	3
sce:YMR001C	6	13	7
sce:YGR032W	5	3	1
sce:YOL136C	2	3	3
sce:YML019W	2	3	1
sce:YOL156W	2	3	5
sce:YDL166C	3	3	3
sce:YGR043C	2	3	1
sce:YPR006C	2	1	2
sce:YLR209C	1	4	3
sce:YGL037C	4	4	2
sce:YJL101C	1	3	2
sce:YMR008C	7	3	3
sce:YDL080C	2	4	4
sce:YBR039W	5	1	1
sce:YLR362W	1	10	6
sce:YKL013C	3	4	2
sce:YGR023W	2	4	0
sce:YLR304C	5	2	7
sce:YPL234C	7	4	1
sce:YDL008W	2	8	4
sce:YOR109W	3	3	4
sce:YDL127W	6	8	2
sce:YOR323C	3	2	2
sce:YDL149W	9	8	1
sce:YGR277C	3	1	3
sce:YAR015W	2	2	2
sce:YMR159C	8	10	2
sce:YDL056W	3	3	2
sce:YMR313C	1	3	2
sce:YNL128W	5	6	3
sce:YAL014C	5	6	2
sce:YDR328C	8	26	2
sce:YDR441C	1	3	3
sce:YOR251C	2	2	1
sce:YBR029C	3	3	1
sce:YBR133C	7	9	4
sce:YNL169C	4	6	1
sce:YFL033C	2	8	4
sce:YDL141W	2	1	6
sce:YKR058W	1	1	4
sce:YPR118W	2	2	1
sce:YGL047W	6	1	2
sce:YBR026C	2	3	3
sce:YCL061C	5	13	1
sce:YDR173C	3	8	11
sce:YNR050C	2	1	2
sce:YOL123W	4	4	2
sce:YLR245C	3	4	4
sce:YPL280W	3	4	2
sce:YGL179C	1	3	4
sce:YGR194C	2	4	2
sce:YJL183W	3	3	1
sce:YBR001C	2	1	2
sce:YFR036W	3	8	0
sce:YJL052W	5	2	4
sce:YDR331W	3	3	1
sce:YGL003C	3	13	3
sce:YOR014W	7	10	2
sce:YNR041C	4	2	3
sce:YFR055W	0	4	3
sce:YDR226W	4	6	2
sce:YER179W	2	9	7
sce:YBR200W	10	5	3
sce:YGR108W	4	8	1
sce:YKL161C	3	6	4
sce:YNL009W	3	5	3
sce:YGL062W	2	2	3
sce:YDR256C	5	3	3
sce:YOR125C	3	1	4
sce:YNR006W	5	11	5
sce:YGR254W	6	2	3
sce:YML081C-A	4	3	1
sce:YER155C	8	5	3
sce:YOR085W	3	5	2
sce:YMR217W	1	2	3
sce:YEL069C	2	4	4
sce:YBR127C	7	9	2
sce:YBR143C	4	3	3
sce:YNL317W	2	3	0
sce:YOR089C	9	8	2
sce:YFR030W	3	3	4
sce:YLR182W	4	6	2
sce:YOR143C	1	2	4
sce:YPL203W	5	6	5
sce:YDR236C	4	4	3
sce:YIL124W	5	2	3
sce:YKL060C	3	2	3
sce:YJR139C	2	5	3
sce:YGR012W	3	1	1
sce:YDR196C	6	2	2
sce:YPR181C	5	8	2
sce:YJL157C	5	7	2
sce:YML115C	2	4	1
sce:YGR204W	3	6	4
sce:YCL008C	5	9	1
sce:YNL271C	9	12	4
sce:YDR507C	4	8	4
sce:YHL032C	2	5	2
sce:YCR084C	2	7	5
sce:YML124C	8	7	4
sce:YMR202W	2	1	1
sce:YGR070W	1	2	1
sce:YDL194W	3	6	2
sce:YMR083W	3	2	2
sce:YDR377W	4	2	0
sce:YEL021W	1	3	1
sce:YPL028W	4	2	2
sce:YER141W	2	1	1
sce:YNL049C	4	2	3
sce:YDL066W	2	5	3
sce:YHR072W	2	2	1
sce:YDR530C	2	2	4
sce:YNL071W	2	1	1
sce:YML100W	2	2	2
sce:YGL234W	2	4	4
sce:YPR074C	2	1	2
sce:YNL289W	5	8	2
sce:YLR342W	8	6	1
sce:YDR347W	3	1	3
sce:YBR183W	3	2	2
sce:YDR428C	0	4	1
sce:YDR144C	4	3	1
sce:YBR273C	2	3	0
sce:YJL121C	1	3	2
sce:YKR084C	3	7	3
sce:YMR267W	1	2	2
sce:YDR260C	2	8	0
sce:YBR299W	1	3	4
sce:YDL232W	3	1	1
sce:YJR024C	2	2	2
sce:YJL137C	1	1	4
sce:YMR009W	2	2	4
sce:YOL068C	3	11	5
sce:YHR186C	6	9	2
sce:YDL055C	1	4	2
sce:YDR207C	4	10	5
sce:YAL044C	3	4	0
sce:YOR270C	4	6	3
sce:YLR070C	0	4	3
sce:YGL248W	0	2	2
sce:YER091C	2	2	2
sce:YAL012W	2	4	5
sce:YJL030W	5	6	1
sce:YNL267W	4	7	2
sce:YOR075W	5	4	1
sce:YKR067W	4	3	3
sce:YDL052C	3	3	3
sce:YML059C	3	2	2
sce:YKR097W	1	1	2
sce:YIL146C	4	2	0
sce:YML065W	5	5	6
sce:YOL059W	4	4	3
sce:YOR168W	2	1	3
sce:YMR036C	2	6	1
sce:YNL223W	5	10	1
sce:YEL038W	2	2	4
sce:YBR083W	3	9	5
sce:YDR285W	4	6	1
sce:YFL053W	1	5	3
sce:YCR005C	4	3	2
sce:YLR300W	4	3	1
sce:YNL145W	3	1	1
sce:YOR368W	2	4	3
sce:YNL280C	2	1	2
sce:YKL008C	4	1	1
sce:YDR454C	3	3	2
sce:YOR073W	5	12	0
sce:YKR009C	1	1	5
sce:YLR359W	1	3	2
sce:YGL202W	1	6	4
sce:YBR115C	1	1	2
sce:YER090W	2	2	2
sce:YDR300C	2	4	3
sce:YML086C	2	2	2
sce:YER165W	7	4	7
sce:YOR095C	3	4	1
sce:YMR139W	1	3	5
sce:YKR089C	1	5	4
sce:YGR110W	2	4	2
sce:YHR019C	2	1	3
sce:YFR028C	8	13	4
sce:YMR306W	4	3	1
sce:YOR111W	1	1	3
sce:YGR157W	3	2	1
sce:YBR060C	6	4	2
sce:YOR236W	3	5	3
sce:YOR136W	2	3	4
sce:YLR174W	2	4	3
sce:YDR434W	4	2	0
sce:YAL038W	2	3	5
sce:YHR208W	2	6	5
sce:YIL116W	1	1	2
sce:YOR002W	2	4	2
sce:YBR213W	0	2	3
sce:YLR229C	9	20	2
sce:YLR079W	2	4	2
sce:YLR431C	2	4	0
sce:YDL103C	2	1	1
sce:YFL060C	2	3	2
sce:YGL148W	2	3	3
sce:YFL011W	4	2	5
sce:YDR113C	4	8	2
sce:YNL298W	6	13	5
sce:YGL153W	2	1	3
sce:YOL052C	3	3	1
sce:YPR111W	4	8	3
sce:YOR209C	3	4	2
sce:YGL027C	2	4	1
sce:YGR175C	3	1	2
sce:YDR103W	5	5	4
sce:YDR315C	1	3	2
sce:YCL004W	1	1	2
sce:YER118C	8	5	2
sce:YOR128C	1	2	4
sce:YNL318C	4	2	2
sce:YER129W	2	6	4
sce:YCR012W	4	3	3
sce:YDR232W	2	3	2
sce:YCL024W	7	6	7
sce:YGR192C	7	5	5
sce:YIL035C	8	11	4
sce:YLR438W	3	5	4
sce:YEL002C	4	2	1
sce:YDR142C	6	2	1
sce:YOR317W	5	4	3
sce:YOR249C	2	9	0
sce:YJR069C	2	4	13
sce:YCL050C	2	2	4
sce:YBR274W	3	3	3
sce:YOL086C	2	3	5
sce:YJR016C	1	3	3
sce:YGR092W	4	8	5
sce:YBR166C	1	2	4
sce:YOR127W	5	11	2
sce:YEL071W	2	2	3
sce:YPR119W	6	9	1
sce:YOR083W	3	3	3
sce:YHR084W	4	10	2
sce:YDR261C	4	3	1
sce:YJR094C	2	7	1
sce:YLR239C	1	1	2
sce:YJR019C	3	4	4
sce:YNR034W	3	3	1
sce:YPR060C	2	4	3
sce:YIL083C	3	1	1
sce:YGL205W	2	3	4
sce:YPL023C	1	2	4
sce:YBR234C	3	4	2
sce:YKL152C	4	2	1
sce:YBR252W	2	4	3
sce:YKL127W	2	8	2
sce:YLR423C	7	12	3
sce:YEL036C	3	2	1
sce:YDR531W	3	3	2
sce:YKL186C	3	5	0
sce:YBL078C	9	16	2
sce:YDL028C	3	9	8
sce:YKL048C	3	9	5
sce:YNR031C	5	4	4
sce:YDR516C	3	7	4
sce:YJR156C	0	2	2
sce:YDR284C	1	1	3
sce:YLR446W	2	6	6
sce:YOR195W	6	7	0
sce:YKL067W	3	7	3
sce:YDR371W	2	3	2
sce:YOR311C	3	3	1
sce:YJL013C	1	7	1
sce:YLR288C	4	9	1
sce:YGR072W	4	6	1
sce:YNR059W	2	1	1
sce:YKL203C	6	15	5
sce:YDL174C	3	1	4
sce:YGL012W	2	1	2
sce:YGR010W	1	1	3
sce:YHR098C	7	2	3
sce:YNR012W	2	4	2
sce:YDR022C	6	10	0
sce:YGR282C	4	3	3
sce:YOR106W	3	9	2
sce:YLR410W	3	5	12
sce:YMR165C	7	7	2
sce:YGL089C	2	2	2
sce:YDR228C	4	5	2
sce:YPL087W	3	2	2
sce:YML110C	4	3	3
sce:YLR176C	2	3	3
sce:YER037W	2	5	2
sce:YKL022C	3	8	0
sce:YPR024W	3	7	5
sce:YDR062W	4	4	2
sce:YLR450W	6	3	1
sce:YPL178W	5	9	1
sce:YGL180W	10	13	4
sce:YGL019W	7	10	2
sce:YDR461W	3	1	1
sce:YBL033C	2	1	4
sce:YJL097W	5	4	3
sce:YDL215C	1	3	1
sce:YHR005C	5	7	6
sce:YIL015W	3	4	1
sce:YKL006C-A	3	5	1
sce:YOR120W	3	4	6
sce:YMR125W	6	9	2
sce:YLR354C	2	3	1
sce:YDR410C	3	3	1
sce:YPL050C	5	3	0
sce:YFL008W	3	7	7
sce:YDL120W	5	9	6
sce:YDL029W	3	7	3
sce:YDR258C	3	5	3
sce:YCL040W	3	8	4
sce:YHR111W	2	8	8
sce:YER070W	3	2	4
sce:YER065C	3	2	3
sce:YNL154C	5	6	4
sce:YOL049W	2	1	5
sce:YDR436W	2	1	3
sce:YBR018C	1	1	2
sce:YDR248C	2	2	2
sce:YMR080C	2	10	9
sce:YJL076W	2	7	3
sce:YDR488C	3	4	2
sce:YLR299W	3	3	3
sce:YML054C	6	1	3
sce:YER099C	2	5	4
sce:YDL017W	4	16	5
sce:YBR020W	4	5	2
sce:YLR044C	3	6	6
sce:YKL035W	3	5	3
sce:YOR155C	0	4	3
sce:YOL105C	3	4	1
sce:YHR135C	6	6	4
sce:YDR017C	2	4	7
sce:YFR021W	12	15	4
sce:YNR033W	1	5	1
sce:YLR100W	4	1	2
sce:YNL277W	1	3	1
sce:YOR190W	6	4	1
sce:YDR208W	2	3	4
sce:YJL062W	3	1	1
sce:YGR206W	4	5	1
sce:YPL110C	1	1	2
sce:YGR248W	3	2	1
sce:YER003C	3	4	2
sce:YGL095C	4	11	2
sce:YMR170C	1	3	3
sce:YGL154C	2	1	2
sce:YHR039C-A	4	4	1
sce:YBR218C	2	2	3
sce:YOL009C	8	10	1
sce:YGR233C	3	3	2
sce:YMR011W	3	2	5
sce:YIL009W	3	2	3
sce:YLR115W	2	4	1
sce:YDR148C	4	3	1
sce:YGL212W	4	10	3
sce:YOR269W	7	8	3
sce:YDL126C	11	26	6
sce:YKL016C	4	1	1
sce:YDL244W	0	2	2
sce:YBR221C	3	2	1
sce:YLR303W	2	3	3
sce:YHR074W	2	1	3
sce:YHR030C	7	16	5
sce:YGL211W	3	4	2
sce:YOR221C	1	2	1
sce:YOR039W	7	10	2
sce:YBL105C	8	10	6
sce:YPR020W	4	3	1
sce:YMR113W	3	2	4
sce:YBR217W	4	10	2
sce:YOR275C	3	3	0
sce:YPR035W	3	1	2
sce:YPR036W	4	4	1
sce:YOL157C	0	3	3
sce:YNL316C	1	1	2
sce:YCL027W	4	3	0
sce:YBR208C	2	2	4
sce:YDR451C	2	4	3
sce:YBR084W	2	6	4
sce:YOR375C	3	1	1
sce:YIL113W	2	3	3
sce:YOR202W	0	1	2
sce:YCL009C	3	3	2
sce:YBR176W	1	1	2
sce:YKL181W	3	5	4
sce:YHR046C	2	5	4
sce:YJR159W	0	2	3
sce:YHR128W	1	2	2
sce:YLR211C	5	3	2
sce:YLR425W	2	3	1
sce:YDR490C	2	9	3
sce:YDL168W	3	4	7
sce:YPL140C	5	5	5
sce:YMR054W	8	4	3
sce:YBR070C	4	1	1
sce:YLR277C	2	7	4
sce:YDR301W	3	4	1
sce:YBR256C	0	1	1
sce:YLR355C	2	4	3
sce:YDR437W	4	2	1
sce:YJL128C	5	8	8
sce:YDR380W	3	7	8
sce:YIR034C	2	2	3
sce:YJL164C	5	7	5
sce:YDR468C	7	8	2
sce:YPR185W	5	15	2
sce:YEL009C	3	12	11
sce:YPL069C	1	6	5
sce:YER023W	1	2	2
sce:YOL004W	6	15	3
sce:YDL195W	5	6	1
sce:YKL094W	8	2	3
sce:YLR377C	3	6	2
sce:YGL001C	2	1	5
sce:YAL054C	4	3	4
sce:YOL001W	4	10	2
sce:YDR195W	3	8	2
sce:YDR019C	2	3	2
sce:YKL088W	3	1	3
sce:YJR148W	3	6	5
sce:YHL022C	3	6	7
sce:YJL214W	2	2	4
sce:YGR202C	4	2	2
sce:YLR260W	7	5	4
sce:YIL065C	3	6	0
sce:YLR027C	2	4	2
sce:YNL274C	4	1	5
sce:YNR057C	1	1	3
sce:YFL037W	6	12	4
sce:YKL182W	5	1	13
sce:YEL011W	1	1	4
sce:YCL052C	3	5	1
sce:YPL149W	10	11	3
sce:YLR371W	5	6	2
sce:YIL046W	4	11	3
sce:YGL116W	6	10	2
sce:YLR305C	3	8	2
sce:YIL125W	5	2	2
sce:YMR271C	1	4	1
sce:YJL155C	2	3	3
sce:YMR261C	2	2	3
sce:YGR286C	1	1	4
sce:YMR250W	2	2	2
sce:YDR244W	5	2	3
sce:YNL242W	8	9	2
sce:YLR078C	7	4	2
sce:YDL193W	6	2	1
sce:YOR026W	3	4	1
sce:YMR084W	0	6	1
sce:YOR245C	4	5	2
sce:YMR062C	2	2	3
sce:YNL117W	4	2	1
sce:YJR010W	2	4	2
sce:YEL029C	2	4	3
sce:YDL245C	2	5	4
sce:YBR242W	2	1	3
sce:YER178W	3	3	1
sce:YJL196C	2	6	2
sce:YJR110W	1	1	2
sce:YPL218W	7	10	2
sce:YGR017W	2	0	2
sce:YKL106W	2	5	2
sce:YGL038C	3	1	2
sce:YJL194W	6	6	6
sce:YLR109W	5	4	1
sce:YDL003W	6	9	2
sce:YNL098C	5	11	4
sce:YLR447C	4	5	1
sce:YGR088W	3	3	3
sce:YLR328W	2	1	4
sce:YPR001W	2	3	2
sce:YPL256C	4	6	1
sce:YER106W	3	5	0
sce:YDL182W	2	2	2
sce:YNR008W	6	4	2
sce:YAL043C	2	4	0
sce:YFL018C	7	9	5
sce:YOR108W	1	1	2
sce:YIL074C	1	2	4
sce:YDR242W	0	0	2
sce:YHR008C	2	1	2
sce:YKR031C	4	6	3
sce:YHR071W	2	6	2
sce:YJL187C	2	11	6
sce:YNL037C	6	3	4
sce:YHR096C	2	3	4
sce:YLR057W	3	4	2
sce:YMR300C	1	4	2
sce:YNR016C	4	5	8
sce:YIL004C	5	5	1
sce:YPL036W	3	3	4
sce:YGR170W	4	4	2
sce:YLR133W	1	3	3
sce:YDR533C	3	4	2
sce:YDR342C	3	4	5
sce:YOR020W-A	2	1	0
sce:YBR128C	5	6	0
sce:YBL099W	8	1	3
sce:YPL049C	3	5	1
sce:YJL168C	3	8	2
sce:YBL064C	2	2	1
sce:YAL041W	10	9	1
sce:YDR111C	2	2	3
sce:YOR388C	1	1	3
sce:YNL048W	1	3	2
sce:YMR164C	2	1	0
sce:YOR374W	2	4	2
sce:YNL172W	4	8	3
sce:YDR354W	3	1	1
sce:YGR188C	4	7	5
sce:YML013W	8	6	2
sce:YJR117W	4	6	2
sce:YNR052C	5	4	4
sce:YDL035C	1	8	2
sce:YJR090C	5	9	1
sce:YJL134W	2	3	2
sce:YLR180W	3	3	3
sce:YBL080C	2	2	2
sce:YDR146C	2	4	6
sce:YDR052C	5	15	3
sce:YJR158W	2	4	4
sce:YMR189W	2	3	3
sce:YMR183C	7	8	3
sce:YPR127W	2	1	2
sce:YNL167C	2	3	7
sce:YGR227W	3	2	2
sce:YIR032C	1	2	2
sce:YDR009W	4	3	2
sce:YAL016W	7	3	1
sce:YAR071W	3	1	1
sce:YDL090C	1	1	2
sce:YPR075C	5	5	0
sce:YHR152W	2	4	0
sce:YDL246C	0	2	3
sce:YPR160W	1	1	4
sce:YDR440W	3	14	4
sce:YGL190C	8	11	1
sce:YLR164W	3	2	3
sce:YOL143C	4	1	1
sce:YBL058W	3	10	2
sce:YHL003C	3	1	1
sce:YDR420W	4	6	1
sce:YCR105W	0	1	2
sce:YEL032W	10	9	7
sce:YHR184W	2	3	0
sce:YAL030W	10	13	4
sce:YDR294C	4	5	3
sce:YKL001C	1	7	2
sce:YBR035C	1	2	2
sce:YDR481C	1	2	3
sce:YLR420W	2	3	2
sce:YJL002C	2	2	0
sce:YDR480W	2	4	1
sce:YGR040W	4	8	5
sce:YKL101W	4	7	4
sce:YKL019W	3	3	3
sce:YKR014C	6	7	2
sce:YHR092C	2	2	5
sce:YML130C	2	1	3
sce:YNL038W	2	2	1
sce:YMR278W	2	4	2
sce:YER133W	12	32	3
sce:YLR088W	2	2	0
sce:YDL132W	4	16	3
sce:YBR045C	2	2	2
sce:YKL141W	3	5	4
sce:YIL164C	0	1	1
sce:YJR066W	8	20	5
sce:YHR018C	1	1	1
sce:YBL082C	2	2	1
sce:YPR139C	4	4	2
sce:YBR243C	2	3	3
sce:YBR229C	4	3	3
sce:YOR313C	1	1	0
sce:YLR058C	3	6	4
sce:YML004C	2	2	2
sce:YJR078W	1	2	4
sce:YPL175W	3	2	1
sce:YHR216W	2	2	5
sce:YKL178C	3	2	2
sce:YDR047W	3	2	1
sce:YBR265W	5	2	1
sce:YHR104W	3	5	3
sce:YPL172C	2	1	1
sce:YFR034C	2	4	3
sce:YPL120W	10	12	0
sce:YDR147W	1	3	3
sce:YGR098C	7	9	1
sce:YJR053W	5	5	2
sce:YER061C	1	1	1
sce:YDR523C	3	6	4
sce:YDR182W	2	4	2
sce:YPL206C	3	2	1
sce:YPR062W	2	4	4
sce:YNL119W	2	6	3
sce:YHR026W	4	4	2
sce:YFL059W	0	4	2
sce:YLR274W	10	8	5
sce:YOR184W	1	3	2
sce:YER111C	4	4	3
sce:YOL056W	1	1	1
sce:YIL160C	3	2	2
sce:YGR020C	5	4	1
sce:YBR006W	1	3	3
sce:YGR155W	3	5	3
sce:YPR183W	6	4	2
sce:YBR153W	0	1	2
sce:YJR065C	4	3	2
sce:YHR109W	1	3	2
sce:YJR013W	3	3	2
sce:YLR452C	1	4	1
sce:YMR041C	0	1	2
sce:YGR044C	2	6	3
sce:YKL148C	3	4	4
sce:YPL148C	1	2	2
sce:YAL040C	4	8	1
sce:YDL021W	1	1	1
sce:YDR379W	2	4	3
sce:YAL024C	3	7	1
sce:YBR136W	3	13	4
sce:YBR093C	3	3	3
sce:YKL104C	0	6	2
sce:YIL107C	2	2	2
sce:YJL060W	2	2	3
sce:YFR019W	4	3	4
sce:YGL040C	3	2	2
sce:YOR212W	7	8	6
sce:YDR217C	2	9	3
sce:YGL086W	4	7	1
sce:YMR099C	2	1	2
sce:YMR281W	3	1	1
sce:YPL262W	5	5	1
sce:YCL047C	2	4	3
sce:YJR109C	3	5	5
sce:YBL068W	2	5	4
sce:YDR399W	2	5	4
sce:YJR103W	3	4	3
sce:YLR351C	2	4	2
sce:YJL153C	1	2	1
sce:YJR073C	5	2	3
sce:YCR067C	3	4	2
sce:YNL219C	2	3	4
sce:YGL026C	2	1	1
sce:YKL215C	1	1	2
sce:YBL084C	3	6	0
sce:YNL329C	4	3	3
sce:YOL061W	2	5	4
sce:YGL008C	5	6	4
sce:YPL169C	4	4	8
sce:YNR027W	3	4	3
sce:YOR347C	2	3	6
sce:YPR140W	5	6	1
sce:YKL025C	3	5	5
sce:YDR345C	2	4	4
sce:YOL077W-A	4	3	0
sce:YGL022W	2	3	2
sce:YMR108W	2	3	4
sce:YFL025C	2	7	1
sce:YJR101W	3	1	3
sce:YBR126C	2	5	2
sce:YDR283C	5	14	12
sce:YBR135W	4	6	5
sce:YDL155W	3	7	1
sce:YOR074C	3	3	1
sce:YDR502C	2	3	3
sce:YDL171C	1	3	5
sce:YPL100W	6	8	3
sce:YDR036C	3	2	2
sce:YER163C	2	1	2
sce:YDR020C	2	3	2
sce:YER062C	2	3	3
sce:YNL104C	2	1	2
sce:YDR074W	2	5	2
sce:YGR036C	3	4	2
sce:YGL184C	3	3	4
sce:YMR101C	3	2	3
sce:YLL006W	6	9	1
sce:YOR208W	2	3	1
sce:YML085C	10	7	4
sce:YER055C	1	1	3
sce:YKR035W-A	4	6	0
sce:YBR248C	1	2	3
sce:YMR110C	7	5	4
sce:YPR167C	2	5	2
sce:YMR208W	3	4	3
sce:YGL224C	0	2	1
sce:YLL021W	8	13	1
sce:YDL159W	2	8	5
sce:YJL095W	3	8	5
sce:YOR185C	2	4	2
sce:YOR025W	3	5	4
sce:YHR137W	2	7	6
sce:YKL080W	4	4	2
sce:YGL196W	0	2	1
sce:YDR035W	3	3	1
sce:YLR293C	3	7	2
sce:YLR134W	3	6	6
sce:YDL134C	5	6	3
sce:YMR205C	4	8	8
sce:YOR231W	4	5	6
sce:YHL011C	2	6	4
sce:YHR124W	1	3	2
sce:YER183C	1	2	2
sce:YML070W	2	5	3
sce:YNL001W	2	10	2
sce:YIR038C	6	2	2
sce:YGR156W	3	5	1
sce:YIL159W	3	6	3
sce:YPR184W	2	2	3
sce:YDL106C	2	9	3
sce:YML056C	1	2	4
sce:YLR286C	6	4	3
sce:YCL005W-A	4	7	2
sce:YBL016W	6	10	6
sce:YGL065C	2	2	5
sce:YHR163W	3	2	1
sce:YKL062W	2	3	3
sce:YPR113W	6	1	2
sce:YER173W	2	5	3
sce:YHR106W	2	3	1
sce:YFR044C	2	2	5
sce:YBL015W	2	1	2
sce:YOR142W	3	3	3
sce:YDR191W	5	8	4
sce:YJL186W	1	3	1
sce:YKL196C	8	9	2
sce:YKL069W	3	1	2
sce:YGL115W	6	9	3
sce:YIL147C	2	3	6
sce:YOR303W	3	4	2
sce:YDL142C	2	7	2
sce:YML016C	2	2	3
sce:YJR121W	7	2	3
sce:YDR389W	2	7	1
sce:YLL001W	7	10	4
sce:YCR036W	2	1	3
sce:Q0085	4	1	1
sce:YKR069W	1	4	1
sce:YJL091C	4	2	1
sce:YLR089C	2	3	2
sce:YJL046W	2	1	3
sce:YOR288C	3	2	3
sce:YGR256W	2	2	2
sce:YDR096W	3	4	6
sce:YCR073W-A	2	3	1
sce:YPL258C	1	3	4
sce:YLL041C	3	6	7
sce:YLR370C	3	5	1
sce:YKL024C	2	5	5
sce:YPR040W	3	3	0
sce:YKL002W	3	7	0
sce:YKL085W	3	3	2
sce:YJR046W	4	4	1
sce:YBR038W	4	4	1
sce:YLR113W	2	10	6
sce:YMR028W	2	4	1
sce:YBR279W	3	20	3
sce:YIR019C	4	10	1
sce:YDR486C	4	3	0
sce:YBR111C	4	2	2
sce:YDR518W	2	2	4
sce:YOR373W	3	6	1
sce:YGL098W	4	3	1
sce:YDR321W	2	1	1
sce:YJR086W	7	3	1
sce:YLR181C	3	4	2
sce:YKL197C	4	3	3
sce:YBR249C	2	3	1
sce:YMR289W	1	3	1
sce:YOL064C	2	4	2
sce:YIL162W	5	4	3
sce:YOL096C	3	2	4
sce:YHR037W	3	2	1
sce:YPR049C	4	11	3
sce:YOR179C	2	3	0
sce:YFL017C	5	1	2
sce:YJL005W	4	4	3
sce:YNL256W	4	3	6
sce:YKR053C	2	2	2
sce:YPL187W	1	2	2
sce:YGL009C	3	1	3
sce:YPL089C	1	4	6
sce:YDR109C	1	2	1
sce:YDR323C	5	5	2
sce:YKL184W	1	3	1
